scenario_group	n_truth	n_detected	recovery_rate	median_overlap_bp	median_recip_truth	median_recip_call	median_arm_len_error	median_spacer_error	median_tir_ident_error
asymmetric	3	3	1.0	6876	0.9940952380952381	1.0	-63	492	0.0
class_spacing	4	4	1.0	6465.0	0.9387777777777777	1.0	-263.0	255.0	0.0010000000000000009
clean_high_identity	4	2	0.5	41973.0	0.9992714285714286	1.0	-21.0	15.0	0.0
diverged	4	1	0.25	4866	0.9732	1.0	-132	130	0.009000000000000008
edge_cases	4	4	1.0	15631.0	0.9769375	1.0	-355.0	312.0	0.0005000000000000004
gc_bias	3	3	1.0	9700	0.97	1.0	-295	284	0.0010000000000000009
length_identity_matrix	90	36	0.4	101099.0	0.9406904761904762	1.0	-1102.5	815.0	0.0
micro_ir	5	1	0.2	100132	0.9997204472843451	1.0	-34	8	-0.34099999999999997
reused_family	3	3	1.0	7392	0.9926785714285714	1.0	-192	220	0.0010000000000000009
