scenario_group	n_truth	n_detected	recovery_rate	median_overlap_bp	median_recip_truth	median_recip_call	median_arm_len_error	median_spacer_error	median_tir_ident_error
asymmetric	3	3	1.0	6876	0.9965217391304347	1.0	-63	458	0.0
class_spacing	4	4	1.0	6353.0	0.9263333333333333	1.0	-404.5	412.0	0.0010000000000000009
clean_high_identity	4	2	0.5	41973.0	0.9992714285714286	1.0	-21.0	15.0	0.0
diverged	4	1	0.25	4576	0.9152	1.0	-312	200	0.009000000000000008
edge_cases	4	4	1.0	15943.0	0.9964375	1.0	-37.0	17.0	0.0
gc_bias	3	3	1.0	9700	0.97	1.0	-255	210	0.0010000000000000009
length_identity_matrix	90	36	0.4	101099.0	0.9406904761904762	1.0	-1047.0	803.0	0.0
micro_ir	5	1	0.2	100132	0.9997204472843451	1.0	-34	8	-0.34099999999999997
reused_family	3	3	1.0	7392	0.9926785714285714	1.0	-192	220	0.0010000000000000009
